wordResult,Freq
coronavirus,404
health,113
announced,107
people,97
country,88
sunday,74
minister,68
spread,67
york,62
government,60
outbreak,60
pandemic,57
tested,57
president,56
united,48
positive,46
confirmed,45
covid,44
monday,41
prime,41
public,41
disease,39
statement,39
uk,38
gov,37
essential,35
news,34
trump,34
control,31
measures,31
stay,31
deaths,30
wednesday,30
ministry,29
tuesday,29
city,28
cnn,27
cuomo,27
days,27
died,27
emergency,27
friday,27
local,27
medical,27
reported,27
italy,26
mayor,26
conference,25
thursday,25
total,25
death,24
virus,24
andrew,23
centers,23
close,23
press,23
saturday,23
time,23
travel,23
closed,22
prevention,22
restrictions,22
march,21
national,21
workers,21
officials,20
residents,20
agency,18
day,18
department,18
flights,18
lockdown,18
temporarily,18
citizens,17
including,17
france,16
hours,16
morning,16
shut,16
south,16
administration,15
company,15
food,15
postponed,15
prevent,15
services,15
starting,15
agencies,14
california,14
china,14
crisis,14
hospital,14
office,14
release,14
response,14
schools,14
staff,14
support,14
amid,13
borders,13
businesses,13
european,13
house,13
infected,13
international,13
patient,13
spain,13
team,13
told,13
weeks,13
bringing,12
care,12
federal,12
governments,12
governor,12
halt,12
image,12
issued,12
nhs,12
patients,12
protect,12
quarantine,12
secretary,12
test,12
april,11
combat,11
committee,11
continue,11
dr,11
island,11
midnight,11
month,11
night,11
northern,11
private,11
slow,11
suspended,11
televised,11
tokyo,11
week,11
authorities,10
boris,10
canadian,10
closing,10
county,10
defense,10
donald,10
england,10
fight,10
germany,10
india,10
infectious,10
johnson,10
london,10
masks,10
nation,10
nationwide,10
olympics,10
ongoing,10
security,10
spokesperson,10
tweet,10
west,10
africa,9
airline,9
ban,9
border,9
business,9
children,9
countries,9
decision,9
employees,9
entry,9
french,9
kingdom,9
months,9
movement,9
official,9
olympic,9
passenger,9
production,9
social,9
summer,9
tally,9
twitter,9
wales,9
warned,9
americans,8
british,8
curb,8
customers,8
de,8
doctors,8
efforts,8
entering,8
facing,8
florida,8
increase,8
institute,8
ireland,8
italian,8
john,8
korea,8
largest,8
media,8
mike,8
military,8
online,8
operations,8
police,8
recorded,8
report,8
school,8
senate,8
service,8
stores,8
supplies,8
symptoms,8
systems,8
temporary,8
testing,8
top,8
underlying,8
urged,8
washington,8
white,8
america,7
australia,7
beds,7
biggest,7
blasio,7
bn,7
chief,7
demand,7
economic,7
europe,7
event,7
fast,7
fauci,7
force,7
foreign,7
gatherings,7
infection,7
japan,7
lives,7
measure,7
organization,7
package,7
person,7
plans,7
published,7
region,7
released,7
saudi,7
sending,7
start,7
urgent,7
worst,7
advice,6
afternoon,6
ahead,6
airlines,6
airport,6
anthony,6
arabia,6
asian,6
bill,6
call,6
canada,6
cancelled,6
capital,6
caption,6
centre,6
closure,6
condition,6
conditions,6
contact,6
copyright,6
council,6
director,6
economy,6
emirates,6
enter,6
equipment,6
figure,6
financial,6
games,6
german,6
global,6
half,6
hit,6
isolation,6
jersey,6
major,6
market,6
millions,6
negative,6
ni,6
passed,6
pence,6
provide,6
reduced,6
restaurants,6
result,6
risen,6
risk,6
scottish,6
single,6
spanish,6
system,6
travelers,6
union,6
vice,6
visitors,6
warning,6
woman,6
abroad,5
aid,5
air,5
allowed,5
american,5
announces,5
arrived,5
arriving,5
avoid,5
banned,5
billion,5
chancellor,5
civil,5
continues,5
critical,5
crowds,5
cruise,5
cuban,5
detected,5
domestic,5
drug,5
east,5
effort,5
enforce,5
executive,5
expert,5
family,5
flight,5
follow,5
ford,5
globally,5
head,5
hospitals,5
hour,5
includes,5
infections,5
issues,5
jobs,5
june,5
leaders,5
leave,5
louisiana,5
management,5
mandatory,5
massive,5
morrison,5
move,5
nationals,5
nations,5
nicola,5
north,5
passengers,5
pedro,5
plan,5
planning,5
prisoners,5
pubs,5
request,5
required,5
restriction,5
scott,5
severe,5
shelter,5
ship,5
short,5
shortages,5
situation,5
source,5
spokesman,5
sturgeon,5
suspending,5
switzerland,5
tackle,5
transport,5
urging,5
ventilators,5
vulnerable,5
abe,4
ability,4
activities,4
address,4
afghanistan,4
apply,4
armed,4
asia,4
australian,4
bid,4
buses,4
buy,4
cafes,4
calls,4
chinese,4
companies,4
concerns,4
contract,4
cost,4
czech,4
daily,4
decided,4
declaration,4
deputy,4
details,4
direct,4
discussed,4
doctor,4
eastern,4
education,4
edwards,4
elderly,4
exams,4
existing,4
fears,4
field,4
forces,4
free,4
gavin,4
gmt,4
guidance,4
haiti,4
healthcare,4
held,4
hundreds,4
images,4
impact,4
indian,4
interior,4
iran,4
isolate,4
israel,4
issue,4
journal,4
july,4
late,4
level,4
limit,4
living,4
lord,4
macy,4
malaysia,4
male,4
modi,4
motors,4
mountain,4
narendra,4
notice,4
period,4
personnel,4
philippines,4
players,4
portugal,4
possibility,4
postpone,4
prepare,4
products,4
prohibiting,4
protection,4
protective,4
pupils,4
rapid,4
received,4
remain,4
reporting,4
retail,4
rise,4
rishi,4
robert,4
rough,4
royal,4
safety,4
sanchez,4
scotland,4
singapore,4
sleepers,4
spa,4
speaking,4
spoke,4
stock,4
store,4
sunak,4
supermarkets,4
suspend,4
taxis,4
tests,4
thousands,4
toll,4
track,4
trains,4
transportation,4
traveling,4
trudeau,4
university,4
view,4
virginia,4
welsh,4
won,4
abating,3
absolutely,3
access,3
account,3
adults,3
african,3
aged,3
airports,3
alert,3
allergy,3
approved,3
arab,3
ardern,3
attempted,3
austrian,3
authority,3
aviation,3
bank,3
based,3
beasley,3
bel,3
blood,3
bot,3
briefing,3
britain,3
brooklyn,3
californians,3
called,3
calling,3
canceling,3
cdc,3
center,3
central,3
chain,3
chains,3
championship,3
cherry,3
commission,3
communities,3
complete,3
cope,3
councils,3
crossings,3
curfew,3
danish,3
david,3
deal,3
detroit,3
diagnosed,3
disaster,3
diseases,3
distancing,3
division,3
documents,3
doesn,3
drastic,3
du,3
dubai,3
dying,3
earlier,3
ease,3
economics,3
employment,3
evening,3
events,3
exceptions,3
expands,3
expected,3
factories,3
foundation,3
front,3
fuels,3
fund,3
funding,3
giant,3
greece,3
growing,3
guard,3
hand,3
history,3
hold,3
homes,3
hope,3
hosting,3
hotels,3
hungary,3
increased,3
indoors,3
industry,3
initial,3
inmates,3
intensify,3
interim,3
iranian,3
jacinda,3
japanese,3
jump,3
justin,3
key,3
king,3
koch,3
kyriakos,3
laid,3
led,3
left,3
legislation,3
low,3
macron,3
mainland,3
miami,3
mitsotakis,3
moment,3
newsom,3
nurses,3
offered,3
officers,3
paid,3
parent,3
parents,3
parliament,3
peak,3
pennsylvania,3
physician,3
player,3
policy,3
precautionary,3
pressure,3
pretending,3
princess,3
programme,3
promised,3
province,3
reducing,3
refugee,3
relief,3
reporters,3
responsibly,3
restrict,3
returned,3
rule,3
russian,3
save,3
scale,3
september,3
series,3
shanghai,3
share,3
shift,3
shinzo,3
shop,3
shopping,3
shutting,3
somerset,3
spreading,3
stark,3
stem,3
stimulus,3
struggles,3
study,3
surge,3
teams,3
telling,3
tells,3
tennis,3
territory,3
threat,3
tonight,3
tourism,3
tourists,3
transit,3
treasury,3
trials,3
trillion,3
trust,3
tunisia,3
unemployment,3
update,3
usa,3
vaccine,3
victim,3
visit,3
vizcarra,3
volunteers,3
wellbeing,3
wfp,3
wife,3
workforce,3
worldwide,3
zealand,3
accommodation,2
achmad,2
active,2
additional,2
admissions,2
advantage,2
advising,2
aimed,2
airplane,2
airways,2
aisles,2
alan,2
alcohol,2
alibaba,2
angelo,2
announcement,2
anti,2
appeal,2
appointments,2
approach,2
approaches,2
arlene,2
assembly,2
association,2
asthma,2
asymptomatic,2
athletes,2
attend,2
attendance,2
attracts,2
austria,2
average,2
banning,2
bars,2
batch,2
bath,2
bbc,2
beaches,2
begun,2
believed,2
billionaire,2
birx,2
block,2
bloom,2
blossoms,2
board,2
bolivia,2
borrelli,2
boss,2
bowser,2
brazilian,2
bridgend,2
brought,2
bukele,2
burnham,2
burr,2
buyers,2
buying,2
cabin,2
cairngorm,2
callers,2
cancel,2
capacity,2
car,2
cargo,2
carlos,2
carmakers,2
ceo,2
chairman,2
chance,2
changed,2
charles,2
check,2
chemicals,2
chloroquine,2
chrysler,2
citizenship,2
clara,2
club,2
coast,2
coc,2
cold,2
colombia,2
colombian,2
combating,2
coming,2
communication,2
completely,2
confirms,2
congo,2
congolese,2
congress,2
connecticut,2
consortium,2
continent,2
continuing,2
contracted,2
conversation,2
cooper,2
cornwall,2
coronvirus,2
corporate,2
cpc,2
crew,2
cross,2
cuba,2
cup,2
current,2
curtailing,2
cut,2
cuts,2
dade,2
dagenham,2
damage,2
darts,2
data,2
dawn,2
dc,2
dealing,2
debate,2
declared,2
decline,2
declining,2
delayed,2
delhi,2
democrats,2
deny,2
developments,2
devon,2
dickinson,2
didn,2
die,2
difficult,2
diplomatic,2
disasters,2
district,2
districts,2
don,2
donated,2
dose,2
doubled,2
duque,2
durham,2
dxy,2
dynamics,2
eating,2
egypt,2
el,2
embassy,2
emmanuel,2
employee,2
entertainment,2
epidemic,2
espanyol,2
esper,2
estimated,2
ethiopia,2
eu,2
exception,2
expanded,2
experiencing,2
exposed,2
extension,2
ez,2
fall,2
familiar,2
families,2
fan,2
fashion,2
feeling,2
fema,2
festival,2
fever,2
filing,2
fill,2
final,2
fire,2
firm,2
fish,2
flocking,2
fly,2
football,2
foreigners,2
forward,2
foster,2
founder,2
frontline,2
furniture,2
game,2
getty,2
gimenez,2
gin,2
gowns,2
grand,2
granted,2
greenland,2
grounding,2
gulf,2
gupta,2
haitian,2
handle,2
happen,2
hard,2
hassett,2
heiko,2
helen,2
helping,2
hideki,2
holidays,2
homeowners,2
hong,2
horse,2
hotel,2
household,2
housing,2
human,2
hungarian,2
imminent,2
imposed,2
indonesia,2
infants,2
infect,2
inject,2
inside,2
inslee,2
intelligence,2
intensive,2
interaction,2
internal,2
investigate,2
islands,2
isles,2
isn,2
isolated,2
iss,2
issuing,2
jack,2
jacques,2
jails,2
jared,2
jeanine,2
jockey,2
joint,2
jordan,2
kais,2
keeping,2
kenya,2
kevin,2
khan,2
killed,2
kinshasa,2
kong,2
kurz,2
kyabula,2
lago,2
land,2
law,2
lawmakers,2
laws,2
laxminarayan,2
lead,2
leaving,2
life,2
light,2
lines,2
live,2
loans,2
lodging,2
lubumbashi,2
lutucuta,2
luxembourg,2
ma,2
maas,2
maintaining,2
malls,2
manx,2
mar,2
mark,2
markets,2
marking,2
marriott,2
martin,2
mcdonald,2
mcdonalds,2
medicine,2
meet,2
meetings,2
merkel,2
message,2
metal,2
method,2
metro,2
ministers,2
mitigate,2
mnuchin,2
moderate,2
monaco,2
money,2
mortgage,2
moskowitz,2
mosques,2
motels,2
moves,2
mp,2
muriel,2
murphy,2
narrow,2
nayib,2
nba,2
nbc,2
nets,2
nicknamed,2
nightclubs,2
noon,2
occurring,2
october,2
olivier,2
operate,2
organiser,2
organisers,2
organizations,2
outlets,2
overwhelmed,2
pakistan,2
palm,2
panorama,2
paralympic,2
park,2
parks,2
participant,2
partnership,2
partridge,2
pause,2
pay,2
pedestrian,2
pediatrics,2
percent,2
permission,2
pga,2
phil,2
philadelphia,2
physicians,2
pick,2
planned,2
plants,2
pleaded,2
pledged,2
populous,2
ports,2
postponing,2
powers,2
practice,2
pre,2
pregnant,2
priority,2
process,2
professional,2
program,2
projects,2
proposal,2
provisions,2
prymula,2
pushed,2
putin,2
putting,2
quieter,2
quoting,2
racing,2
raising,2
ramanan,2
range,2
reached,2
reaching,2
reassures,2
receiving,2
red,2
religious,2
reminded,2
rep,2
republic,2
republicans,2
require,2
rescue,2
resident,2
resources,2
respiratory,2
rest,2
retailer,2
reuters,2
richard,2
risks,2
roman,2
rumors,2
rush,2
russia,2
sadly,2
sailing,2
sales,2
salomon,2
salvador,2
sanitiser,2
sanjay,2
scams,2
scheduled,2
scientists,2
scilly,2
sea,2
season,2
sector,2
sectors,2
semi,2
separate,2
serve,2
set,2
severely,2
sharing,2
sharp,2
shoppers,2
shores,2
shortly,2
shutdown,2
sites,2
size,2
snowsports,2
soccer,2
sold,2
special,2
spectators,2
spike,2
spots,2
sri,2
st,2
started,2
statewide,2
stations,2
stephen,2
steven,2
stood,2
streets,2
strict,2
stricter,2
struggling,2
students,2
subsidy,2
sudan,2
suffered,2
sugiura,2
supply,2
surged,2
surgeons,2
sweeping,2
swiftly,2
table,2
taiwan,2
takes,2
talks,2
tanzania,2
task,2
territories,2
tesla,2
thailand,2
tim,2
times,2
toddlers,2
torbay,2
tour,2
toyosu,2
tracking,2
trade,2
traffic,2
trapped,2
treat,2
tremendous,2
trial,2
tsunami,2
twenty,2
uefa,2
uganda,2
underground,2
unit,2
urge,2
urgently,2
utah,2
venues,2
vigilant,2
visa,2
von,2
vote,2
wage,2
wages,2
waiting,2
wake,2
walmart,2
wam,2
website,2
weekend,2
women,2
worse,2
worship,2
yesterday,2
youtube,2
yurianto,2
aaa,1
abdul,1
abilities,1
accelerated,1
acceleration,1
accept,1
accord,1
acep,1
action,1
activated,1
acute,1
adding,1
addressed,1
addressing,1
administer,1
advised,1
adviser,1
aerial,1
affairs,1
affect,1
age,1
aggressive,1
ago,1
agreement,1
airbus,1
airlifts,1
al,1
alarm,1
albert,1
alleviate,1
alliance,1
allison,1
alongside,1
ambassador,1
ambulance,1
ambulances,1
amp,1
analyze,1
andcan,1
anderson,1
andy,1
angeles,1
angola,1
annegret,1
anniversary,1
annou,1
announcing,1
annual,1
answer,1
antimalarial,1
apologised,1
appeared,1
approves,1
aquitaine,1
archduke,1
archipelago,1
army,1
arrangements,1
arrested,1
arrival,1
artist,1
ashley,1
assessment,1
assistance,1
assistant,1
assuage,1
asylum,1
athletic,1
athletics,1
atp,1
attempting,1
attorney,1
audience,1
august,1
aurlus,1
australians,1
austrians,1
authorized,1
auto,1
automakers,1
autonomous,1
availability,1
avert,1
avoiding,1
aware,1
az,1
bach,1
backstage,1
bacterial,1
baggage,1
bahamas,1
balart,1
balearic,1
barcelona,1
barrels,1
barring,1
barron,1
basic,1
battle,1
bayer,1
beach,1
beauty,1
bego,1
behaviour,1
beijing,1
bein,1
beirut,1
belarus,1
belfast,1
belgium,1
believes,1
ben,1
benefits,1
bergamo,1
berlin,1
beware,1
bigotry,1
biosecurity,1
bloc,1
blocking,1
bloomingdale,1
bloomingdales,1
blossom,1
bluemercury,1
bmw,1
boat,1
body,1
bogot,1
bolsnaro,1
bonuses,1
boone,1
boost,1
borreli,1
borrow,1
borussia,1
bosses,1
bouches,1
bound,1
braemar,1
brasilia,1
brazil,1
bridgewater,1
briefed,1
bright,1
brittany,1
budget,1
bureau,1
burnett,1
cabinet,1
cabrita,1
calamity,1
calderwood,1
calendar,1
cambridge,1
canary,1
cancelations,1
canceled,1
canel,1
captionthe,1
cards,1
careful,1
caribbean,1
carney,1
carriers,1
carrying,1
carve,1
casualty,1
catastrophic,1
categories,1
cathay,1
catherine,1
catholic,1
caused,1
celebrated,1
celebration,1
celebratory,1
centres,1
certificates,1
challenge,1
change,1
changer,1
channel,1
charania,1
charri,1
charter,1
checkpoints,1
chef,1
chemotherapy,1
cheques,1
cher,1
chicago,1
choose,1
churches,1
circulating,1
cirque,1
cities,1
citizen,1
claims,1
cleveland,1
click,1
climbed,1
clinicians,1
clos,1
closings,1
closures,1
clubs,1
clues,1
cluster,1
cn,1
coaching,1
coalition,1
code,1
coe,1
collaborating,1
collapsed,1
college,1
colorado,1
columbia,1
combination,1
command,1
commercial,1
commissioner,1
committed,1
commons,1
communist,1
community,1
competition,1
completion,1
compounded,1
concern,1
conferences,1
confirm,1
confirming,1
confused,1
confusion,1
conman,1
connections,1
connectivity,1
consent,1
conservationists,1
consist,1
consulates,1
consult,1
contagion,1
contained,1
contaminated,1
continued,1
contradicting,1
controls,1
cools,1
coronanvirus,1
corporation,1
correction,1
correspondence,1
counter,1
counterfeit,1
counties,1
courage,1
cr,1
craft,1
craig,1
created,1
credit,1
crews,1
cricketer,1
crippling,1
crucial,1
crude,1
cruises,1
cusp,1
customs,1
cutbacks,1
cutting,1
cyril,1
damaged,1
danger,1
dani,1
daniele,1
database,1
dead,1
deadline,1
deadly,1
dealer,1
debated,1
deborah,1
deceased,1
decide,1
decimate,1
declaring,1
declined,1
decreasing,1
defence,1
defer,1
defying,1
delaware,1
delaying,1
delays,1
deliberately,1
delivered,1
delivery,1
democrat,1
denis,1
denmark,1
densely,1
dependent,1
deployed,1
depression,1
der,1
dermot,1
designated,1
designed,1
develop,1
developed,1
device,1
dewine,1
di,1
diagnose,1
diagnosis,1
diaz,1
difference,1
difficulty,1
digit,1
dine,1
diplomats,1
dire,1
directive,1
directorate,1
discomfort,1
discourage,1
discussion,1
disembarked,1
displaced,1
disproportional,1
distillery,1
distr,1
distributing,1
diverted,1
dmitry,1
dnata,1
docked,1
dog,1
dollars,1
domestically,1
dominic,1
domino,1
donate,1
donating,1
donors,1
doors,1
double,1
doubt,1
dozen,1
dozens,1
drafted,1
dramatic,1
dramatically,1
drawdown,1
drawings,1
drive,1
driven,1
driver,1
drives,1
drop,1
durant,1
durkan,1
dutch,1
earliest,1
easter,1
ecb,1
economist,1
ecuador,1
editor,1
edouard,1
eduardo,1
educational,1
effective,1
elementary,1
eliminated,1
elise,1
elite,1
email,1
embassies,1
employed,1
employing,1
empty,1
en,1
endangered,1
endowment,1
energy,1
enhanced,1
enrollment,1
entered,1
epidemiologist,1
equip,1
escalate,1
escalated,1
escape,1
esmaili,1
establishments,1
ethiopian,1
euclid,1
euro,1
evictions,1
exceeded,1
exchange,1
exciting,1
exclusively,1
execs,1
exempt,1
exercise,1
exercises,1
exhaustion,1
exist,1
expects,1
experience,1
experts,1
exposure,1
express,1
extend,1
extending,1
extraordinary,1
extremely,1
fa,1
facebook,1
facility,1
fahrettin,1
faki,1
fallen,1
falls,1
FALSE,1
famed,1
faroe,1
faster,1
fatal,1
fatalities,1
federally,1
federation,1
fell,1
ferrari,1
ferries,1
fewer,1
fiat,1
fighting,1
fiji,1
finance,1
findings,1
fine,1
fiore,1
fired,1
firms,1
flagship,1
flame,1
fleet,1
flock,1
flocked,1
flower,1
flu,1
fnomceo,1
forced,1
foreclosures,1
foreseeable,1
form,1
forming,1
framework,1
fraudsters,1
freddi,1
freed,1
freeman,1
freight,1
frequently,1
fresh,1
fry,1
ft,1
fuller,1
functioning,1
fundamentally,1
funds,1
furloughed,1
furloughing,1
future,1
futures,1
gallon,1
gambia,1
gareth,1
garros,1
gas,1
gear,1
gel,1
generation,1
genetic,1
geneva,1
germans,1
ghana,1
gholamhossein,1
globe,1
gloves,1
goldstein,1
golf,1
google,1
gorillas,1
gotabaya,1
governorates,1
gracie,1
grant,1
gridlock,1
grinding,1
grinds,1
grow,1
guam,1
guaranteed,1
guatemala,1
guernsey,1
guidelines,1
guy,1
ha,1
habits,1
habsburg,1
hall,1
halted,1
hanami,1
hancock,1
hands,1
hans,1
happened,1
happening,1
hardest,1
hardship,1
hardships,1
harlow,1
hartsfield,1
hasn,1
hassan,1
havana,1
headed,1
headers,1
heading,1
heavily,1
hedge,1
heeded,1
heels,1
helene,1
henri,1
heymann,1
highlighted,1
highway,1
hire,1
hk,1
hogan,1
holders,1
hollingsworth,1
homeless,1
homeowner,1
honda,1
honest,1
hopeful,1
hopes,1
hopkins,1
horst,1
hosted,1
hot,1
housekeepers,1
https,1
hub,1
hubert,1
huge,1
hurts,1
iceland,1
iconic,1
idea,1
ikea,1
illegal,1
illinois,1
illustrated,1
immigration,1
impacting,1
implement,1
implemented,1
imported,1
importing,1
impose,1
imposing,1
incoming,1
inconvenience,1
increases,1
increasingly,1
indefinitely,1
independence,1
individuals,1
influenza,1
informed,1
inhibit,1
initially,1
initiate,1
inmate,1
instagram,1
instances,1
intense,1
internet,1
intervention,1
interview,1
introduce,1
introduced,1
introduces,1
invited,1
invoking,1
involve,1
iraq,1
isle,1
isolating,1
iv,1
ivan,1
jackson,1
jahanpour,1
jair,1
jarrow,1
jasarevic,1
jay,1
jazz,1
jeane,1
jenny,1
jeopardize,1
jerome,1
jfk,1
job,1
joe,1
johns,1
join,1
joined,1
jordanian,1
journeys,1
judiciary,1
justice,1
juve,1
karl,1
karrenbauer,1
kassim,1
kate,1
kcdc,1
kennedy,1
kent,1
kianoush,1
kicking,1
kill,1
kills,1
kluge,1
knowledge,1
ko,1
koca,1
koorakula,1
korean,1
kovacs,1
kramp,1
la,1
labor,1
lamont,1
landmarks,1
language,1
lanka,1
lankan,1
larem,1
larger,1
larry,1
latin,1
launch,1
launched,1
launching,1
laura,1
layoffs,1
le,1
leap,1
lebanon,1
legal,1
letter,1
letters,1
leukaemia,1
levels,1
leyen,1
lga,1
licences,1
licensed,1
liechtenstein,1
lifesaving,1
liga,1
lightly,1
limiting,1
limits,1
link,1
linked,1
list,1
lner,1
lock,1
lombardy,1
loosened,1
los,1
losses,1
lost,1
loved,1
lovely,1
lower,1
lr,1
lufthansa,1
lulled,1
mabele,1
macao,1
machines,1
mahal,1
main,1
majaliwa,1
malaria,1
malaysian,1
managed,1
managers,1
managing,1
manal,1
manchester,1
manchin,1
mandate,1
mandating,1
manila,1
mans,1
manufacturer,1
mapping,1
mariel,1
mario,1
maritime,1
markovi,1
marshals,1
maryland,1
mask,1
matagorda,1
matt,1
matter,1
matuidi,1
mauritius,1
mcadams,1
meal,1
meat,1
medicines,1
melbourne,1
merseyside,1
messages,1
methods,1
mexico,1
mez,1
michel,1
michigan,1
midday,1
midst,1
midway,1
midwives,1
miguel,1
mikhail,1
mild,1
millennial,1
ministe,1
minnesota,1
minnis,1
minutes,1
mirziyoyev,1
mishustin,1
missions,1
missouri,1
mobilize,1
model,1
modeling,1
moeed,1
mogadishu,1
mohamed,1
moments,1
monchengladbach,1
montenegro,1
monument,1
moroccan,1
mortgages,1
moscow,1
motor,1
moved,1
movements,1
mps,1
ms,1
muhyiddin,1
mulhouse,1
murillo,1
mutual,1
naming,1
nancy,1
nando,1
nashville,1
nato,1
ncdc,1
nchez,1
ncov,1
ncovh,1
ne,1
nebraska,1
ned,1
neighboring,1
neurone,1
nevada,1
newspapers,1
nicaragua,1
nigeria,1
nissan,1
normal,1
norway,1
norwegian,1
note,1
noting,1
nursing,1
nypd,1
nyse,1
oak,1
observation,1
obtaining,1
occurred,1
occurrence,1
offenses,1
offer,1
offering,1
officer,1
offices,1
officially,1
ohio,1
oil,1
oklahoma,1
option,1
options,1
oregon,1
organisation,1
organizers,1
originated,1
origins,1
orlando,1
orleans,1
orthodontists,1
osborne,1
ottawa,1
outbound,1
outcome,1
outlet,1
outline,1
outlined,1
outlining,1
overcrowded,1
overcrowding,1
overseas,1
overtaken,1
owners,1
oxford,1
pa,1
pacific,1
packages,1
palace,1
palliative,1
panic,1
paris,1
parson,1
partial,1
partially,1
participate,1
parties,1
pass,1
pathogen,1
patrick,1
paulo,1
paused,1
pausing,1
payments,1
peace,1
permanent,1
permit,1
permits,1
personal,1
peru,1
peruvian,1
peruvians,1
pesksov,1
petra,1
pharmaceutical,1
pharmacist,1
pharmacy,1
phenomenology,1
philippe,1
phone,1
phosphate,1
phw,1
pistons,1
pizza,1
planes,1
plastic,1
play,1
playback,1
played,1
pm,1
pna,1
pneumonia,1
poems,1
political,1
pompeo,1
pool,1
poor,1
poppy,1
popular,1
population,1
port,1
portsmouth,1
position,1
positives,1
posted,1
posts,1
potential,1
powis,1
praised,1
prayers,1
precaut,1
predicted,1
predicts,1
preemptive,1
preexisting,1
premise,1
prepares,1
preparing,1
presidential,1
pressed,1
price,1
primark,1
prince,1
principality,1
principals,1
printing,1
prioritize,1
prison,1
prisons,1
procedure,1
proceed,1
produce,1
producers,1
professionals,1
professor,1
prohibited,1
projectiles,1
proof,1
proposes,1
prosecuting,1
prospect,1
protecting,1
protests,1
psychologic,1
purchasing,1
purpose,1
pushing,1
quadrennial,1
quality,1
quarter,1
queen,1
question,1
quotes,1
raab,1
races,1
rail,1
raised,1
rajapaksa,1
ramaphosa,1
ramp,1
rare,1
rarely,1
rcd,1
readiness,1
ready,1
realm,1
rearranged,1
receive,1
reckons,1
recognized,1
recommendations,1
recommending,1
recovered,1
recovery,1
recreation,1
recreational,1
reduce,1
referendum,1
refugees,1
refunding,1
regional,1
registering,1
regulation,1
reinforce,1
reiterated,1
relates,1
relay,1
releasing,1
remainder,1
remains,1
remarks,1
reminding,1
repatriate,1
repeatedly,1
representatives,1
representing,1
represents,1
republican,1
requiring,1
reserves,1
residency,1
resort,1
responding,1
responds,1
responses,1
responsibility,1
restocked,1
restricting,1
retake,1
retired,1
retreat,1
return,1
revenue,1
rh,1
richest,1
ride,1
rising,1
rki,1
roberto,1
rocchio,1
roles,1
rolland,1
rolled,1
rosario,1
rouhani,1
routine,1
ruby,1
rugani,1
ruler,1
rumours,1
running,1
runs,1
ruston,1
rwanda,1
ryan,1
sadiq,1
safely,1
safer,1
safet,1
safeway,1
saint,1
salaries,1
samad,1
sanitisers,1
sanitizer,1
santander,1
sao,1
sars,1
saving,1
scaling,1
scammers,1
scene,1
scenes,1
science,1
scientific,1
screening,1
sealed,1
sealing,1
seattle,1
sebastian,1
secamb,1
secondary,1
secured,1
seehofer,1
seekers,1
seine,1
select,1
selfishly,1
sell,1
selling,1
sen,1
sense,1
serge,1
serie,1
serving,1
sevenzeroeight,1
shams,1
shane,1
shavkat,1
shea,1
shelves,1
ships,1
shoot,1
shops,1
shortage,1
shutdowns,1
sick,1
sign,1
signed,1
silicon,1
silvia,1
singaporean,1
slammed,1
slashed,1
snowdonia,1
soared,1
soldiers,1
soleil,1
somali,1
somalia,1
somber,1
sonoma,1
soukous,1
sources,1
sousse,1
southern,1
sovereign,1
spaces,1
spaniards,1
sparked,1
speaks,1
speranza,1
spokeswoman,1
sport,1
sports,1
spotlight,1
spreads,1
spring,1
springs,1
spurred,1
staffers,1
stainless,1
stands,1
stat,1
stated,1
stateless,1
staunch,1
staying,1
stays,1
steel,1
step,1
steps,1
stewart,1
stick,1
stockpiled,1
stops,1
strained,1
streamed,1
streaming,1
strengthen,1
strengthening,1
stress,1
student,1
stumbling,1
submitted,1
subsequent,1
subsidize,1
sue,1
suffer,1
sufficient,1
suleiman,1
supple,1
supports,1
surfaces,1
surgical,1
surrounding,1
surveillance,1
sushi,1
suspected,1
swath,1
sweeps,1
swiss,1
sydney,1
sylvie,1
ta,1
tables,1
tablets,1
tackling,1
taj,1
takeout,1
talent,1
tarik,1
tasnim,1
tax,1
taxi,1
technicians,1
technology,1
teissier,1
telle,1
tens,1
tensions,1
term,1
terminal,1
tesco,1
texas,1
text,1
tha,1
thanet,1
theaters,1
thomas,1
throwing,1
thunder,1
tickets,1
timetables,1
tiny,1
tjmaxx,1
togo,1
tom,1
tomorrow,1
tools,1
topographic,1
tough,1
tougher,1
toughest,1
tourist,1
tournament,1
tournaments,1
tours,1
tower,1
town,1
toyota,1
trace,1
tracked,1
trading,1
tradition,1
trails,1
transatlantic,1
transferred,1
transiting,1
transitional,1
transmission,1
transmissions,1
transpennine,1
transported,1
transporting,1
traveler,1
traveller,1
travelling,1
treated,1
treating,1
treatment,1
trends,1
triple,1
TRUE,1
trusted,1
tube,1
tuner,1
turkey,1
turkish,1
turmoil,1
turner,1
tv,1
tweeted,1
tyrol,1
uber,1
ultimate,1
ultimately,1
umbrella,1
unaware,1
underest,1
underestimate,1
undergo,1
undergoing,1
understood,1
undertaken,1
uneasy,1
unhcr,1
unicef,1
unicorn,1
unions,1
unprecedented,1
unreasonable,1
unrecognized,1
unsupported,1
unveil,1
unveiling,1
unwell,1
upcoming,1
urgency,1
urges,1
ursula,1
usual,1
uzbekistan,1
valley,1
varna,1
vauxhall,1
vegetable,1
venezuela,1
ventec,1
ventilator,1
video,1
viewing,1
viewings,1
virtual,1
viruses,1
visas,1
visiting,1
vital,1
vladimir,1
voice,1
volkswagen,1
voluntary,1
vouchers,1
waived,1
walk,1
walz,1
war,1
warne,1
warns,1
washingtonians,1
wave,1
wear,1
weinstein,1
welfare,1
western,1
whi,1
wide,1
wielded,1
williamson,1
winner,1
wolf,1
wolfson,1
worker,1
worried,1
worsening,1
wrexham,1
written,1
wrote,1
wta,1
yacht,1
yashwanth,1
yassin,1
yorkers,1
yousuf,1
zanzibar,1
zoltan,1
